List Details,Url Key
Default Category|Thời trang trẻ em,thoi-trang-tre-em
Default Category|Thời trang trẻ em|Trẻ sơ sinh,do-so-sinh
Default Category|Thời trang trẻ em|Trẻ sơ sinh|Quần áo sơ sinh,quan-ao-so-sinh
Default Category|Thời trang trẻ em|Trẻ sơ sinh|Phụ kiện sơ sinh,phu-kien-so-sinh
Default Category|Thời trang trẻ em|Trẻ sơ sinh|Tã bỉm,ta-bim
Default Category|Thời trang trẻ em|Trẻ sơ sinh|Đồ ăn dặm,do-an-dam
Default Category|Thời trang trẻ em|Đồ chơi trẻ em,do-choi-tre-em
Default Category|Thời trang trẻ em|Phụ kiện,phu-kien
Default Category|Thời trang trẻ em|Phụ kiện|Nam,nam
Default Category|Thời trang trẻ em|Phụ kiện|Nữ,nu
Default Category|Thời trang trẻ em|Thời trang của bé,thoi-trang-cua-be
Default Category|Thời trang trẻ em|Thời trang của bé|Nam,be-nam
Default Category|Thời trang trẻ em|Thời trang của bé|Nữ,be-nu

Default Category|Đồ sơ sinh
Default Category|Phụ kiện
Default Category|Giảm giá